lsoa_2011,mean_income,households,lsoa_2021,ward_2016,ward_2023,rate_benefits,imd_rank,imd_decile,fp_lilee,average_sap,sd_sap,imd_quintile,coeff_variation,sd_income,upper_bound
E01013810,24.173,643,E01013810,Arboretum,Hyson Green & Arboretum,8.5,"1,767",1,35.7,59.35213205,12.00790914,1,0.582906606,14.09060138,51.7905787
E01013811,22.592,526,E01013811,Arboretum,Hyson Green & Arboretum,8.5,"1,688",1,35.3,62.52496799,11.85450056,1,0.582906606,13.16902603,48.40329102
E01013812,22.957,554,E01013812,Arboretum,Hyson Green & Arboretum,8.5,"1,042",1,41.4,60.40501319,10.65817273,1,0.582906606,13.38178694,49.18530241
E01013813,15.186,578,E01013813,Arboretum,Hyson Green & Arboretum,8.5,"6,329",2,17.5,68.19107392,11.2889192,1,0.582906606,8.852019712,32.53595864
E01013814,25.569,715,E01013814,Arboretum,Hyson Green & Arboretum,8.5,"3,499",2,24.1,68.10122449,13.05573298,1,0.582906606,14.904339,54.78150444
E01013815,16.432,602,E01013815,Arboretum,Hyson Green & Arboretum,8.5,"3,805",2,42,59.08287293,13.39729799,1,0.582906606,9.578321342,35.20550983
E01013816,23.843,780,E01013816,Arboretum,Hyson Green & Arboretum,8.5,"13,429",5,21.9,72.75813296,11.8314203,3,0.555471692,13.24411155,49.80145864
E01013817,23.473,641,E01013817,Aspley,Aspley,12.8,594,1,28.7,67.42213115,11.08174831,1,0.582906606,13.68256675,50.29083083
E01013818,23.441,533,E01013818,Aspley,Aspley,12.8,265,1,30,66.96246246,7.153532338,1,0.582906606,13.66391374,50.22227093
E01013819,29.82,710,E01013819,Aspley,Aspley,12.8,"1,860",1,22.5,64.81358025,12.31030855,1,0.582906606,17.38227498,63.88925896
E01013820,27.014,648,E01013820,Aspley,Aspley,12.8,"1,432",1,27.8,62.9375,11.55814199,1,0.582906606,15.74663904,57.87741252
E01013821,26.299,630,E01013821,Aspley,Aspley,12.8,"1,197",1,26.7,62.85610465,12.14305525,1,0.582906606,15.32986082,56.34552721
E01013822,25.275,631,E01013822,Aspley,Aspley,12.8,"1,266",1,28.4,66.04591105,7.792987089,1,0.582906606,14.73296446,54.15161033
E01013823,28.393,641,E01013823,Aspley,Aspley,12.8,"3,496",2,23.5,56.1615245,10.46922975,1,0.582906606,16.55046725,60.83191581
E01013824,24.957,590,E01013824,Aspley,Aspley,12.8,"2,823",1,26.2,61.78491172,11.34997048,1,0.582906606,14.54760015,53.4702963
E01013825,30.95,692,E01013825,Aspley,Aspley,12.8,"2,787",1,23.9,61.80171184,11.42012246,1,0.582906606,18.04095944,66.31028051
E01013826,27.853,665,E01013826,Aspley,Aspley,12.8,"1,298",1,31,65.07930607,9.21260629,1,0.582906606,16.23569768,59.67496746
E01013827,25.341,589,E01013827,Basford,Basford,9.4,"4,521",2,16.5,61.49460432,10.72749971,1,0.582906606,14.77143629,54.29301513
E01013828,35.654,818,E01013828,Basford,Basford,9.4,"8,583",3,19.9,60.81032258,13.77172315,2,0.530225264,18.90465155,72.70711703
E01013829,31.693,798,E01013829,Basford,Basford,9.4,"5,949",2,10.3,64.01628223,10.08441306,1,0.582906606,18.47405905,67.90215574
E01013830,32.044,647,E01013830,Basford,Basford,9.4,"8,218",3,14.8,59.15456238,13.45030733,2,0.530225264,16.99053835,65.34545516
E01013831,32.843,667,E01013831,Basford,Basford,9.4,"16,023",5,8.2,64.1880531,10.71491236,3,0.555471692,18.24335678,68.59997929
E01013832,28.632,760,E01013832,Basford,Basford,9.4,"5,713",2,17.8,63.03008424,12.32815603,1,0.582906606,16.68978193,61.34397258
E01013833,23.124,543,E01013833,Basford,Basford,9.4,"3,018",1,20.8,62.92992424,9.876697817,1,0.582906606,13.47913235,49.5430994
E01013834,25.88,635,E01013834,Basford,Basford,9.4,"4,118",2,21.6,58.47906198,12.44538325,1,0.582906606,15.08562295,55.44782099
E01013835,29.283,729,E01013835,Basford,Basford,9.4,"4,710",2,15.1,64.93201133,11.43806861,1,0.582906606,17.06925413,62.7387381
E01013836,34.924,905,E01013836,Basford,Basford,9.4,"4,860",2,20.7,63.06298343,13.64496933,1,0.582906606,20.35743029,74.82456337
E01013837,41.339,733,E01013837,Berridge,Berridge,11.4,"19,695",6,9.3,66.3189911,14.93454848,3,0.555471692,22.96264428,86.34578278
E01013838,32.647,701,E01013838,Berridge,Berridge,11.4,"16,531",6,15.5,56.45061728,14.05998305,3,0.555471692,18.13448433,68.19058929
E01013839,32.801,912,E01013839,Berridge,Berridge,11.4,"2,317",1,29.1,60.18009479,13.58876161,1,0.582906606,19.11991957,70.27604235
E01013840,47.47,993,E01013840,Berridge,Berridge,11.4,"16,751",6,11.7,66.5010661,14.20059444,3,0.555471692,26.36824122,99.15175279
E01013841,28.904,701,E01013841,Berridge,Berridge,11.4,"2,577",1,30.4,60.09398907,12.07516199,1,0.582906606,16.84833253,61.92673175
E01013842,28.12,703,E01013842,Berridge,Hyson Green & Arboretum,8.5,"3,522",2,37.6,60.41416567,12.15663562,1,0.582906606,16.39133375,60.24701415
E01013843,32.974,788,E01013843,Berridge,Berridge,11.4,"7,309",3,18.7,61.18069815,13.88930682,2,0.530225264,17.48364784,67.24194977
E01013844,26.052,662,E01013844,Berridge,Berridge,11.4,"3,253",1,35,58.81265823,13.83582323,1,0.582906606,15.18588289,55.81633046
E01013845,24.659,627,E01013845,Berridge,Berridge,11.4,"4,273",2,41.6,55.84122137,11.56681739,1,0.582906606,14.37389399,52.83183221
E01013846,26.052,655,E01013846,Berridge,Hyson Green & Arboretum,8.5,"2,859",1,31.7,62.28060046,13.40644371,1,0.582906606,15.18588289,55.81633046
E01013847,22.355,441,E01013847,Berridge,Berridge,11.4,"4,065",2,35.4,52.66455696,12.45759527,1,0.582906606,13.03087717,47.89551925
E01013849,23.036,674,E01013849,Bestwood,Bestwood,11.8,"1,521",1,17.4,70.5775076,8.354270239,1,0.582906606,13.42783657,49.35455967
E01013850,23.747,683,E01013850,Bestwood,Bestwood,11.8,"2,209",1,15.3,68.78631285,10.52538097,1,0.582906606,13.84228316,50.877875
E01013851,23.169,718,E01013851,Bestwood,Bestwood,11.8,847,1,17.1,70.2942743,7.808197861,1,0.582906606,13.50536314,49.63951176
E01013852,28.107,757,E01013852,Bestwood,Bestwood,11.8,"4,127",2,14.3,69.16,10.87713145,1,0.582906606,16.38375596,60.21916169
E01013853,26.726,650,E01013853,Bestwood,Bestwood,11.8,"5,000",2,13.8,68.51657941,10.89436665,1,0.582906606,15.57876194,57.2603734
E01013854,25.646,604,E01013854,Bestwood,Bestwood,11.8,"3,891",2,14.6,69.74006623,9.534626639,1,0.582906606,14.94922281,54.9464767
E01013855,23.454,606,E01013855,Bestwood,Bestwood,11.8,"2,553",1,24.6,66.50695518,8.633195949,1,0.582906606,13.67149153,50.25012339
E01013856,29.545,623,E01013856,Bestwood,Bestwood,11.8,"6,493",2,18.3,64.49649123,9.159252333,1,0.582906606,17.22197566,63.3000723
E01013858,25.14,571,E01013858,Bilborough,Bilborough,11.8,"5,301",2,16.5,62.75730337,11.06693281,1,0.582906606,14.65427206,53.86237324
E01013859,24.568,714,E01013859,Bilborough,Bilborough,11.8,"1,997",1,18.2,63.02349486,9.861513433,1,0.582906606,14.32084949,52.63686499
E01013860,26.828,711,E01013860,Bilborough,Bilborough,11.8,"1,992",1,18.4,67.91461837,12.85936106,1,0.582906606,15.63821841,57.47890809
E01013861,20.112,695,E01013861,Bilborough,Bilborough,11.8,145,1,20,64.03483871,10.82907247,1,0.582906606,11.72341765,43.0898986
E01013862,24.586,605,E01013862,Bilborough,Bilborough,11.8,"2,003",1,16,67.08993902,9.970620476,1,0.582906606,14.3313418,52.67542994
E01013863,29.201,586,E01013863,Bilborough,Bilborough,11.8,"9,387",3,12.7,60.54378819,11.27990886,2,0.530225264,15.48310792,59.54789152
E01013864,40.841,892,E01013864,Bilborough,Bilborough,11.8,"2,885",1,13.6,73.73559962,9.855475861,1,0.582906606,23.80648868,87.50171781
E01013865,27.348,706,E01013865,Bilborough,Bilborough,11.8,"2,366",1,16,65.51510574,11.03709527,1,0.582906606,15.94132985,58.5930065
E01013866,24.356,596,E01013866,Bilborough,Bilborough,11.8,"3,330",2,16.1,64.91208791,12.27197749,1,0.582906606,14.19727328,52.18265564
E01013867,23.188,570,E01013867,Bilborough,Bilborough,11.8,"2,191",1,23.2,64.42264151,9.73421152,1,0.582906606,13.51643837,49.6802192
E01013868,21.41,595,E01013868,Bilborough,Bilborough,11.8,"1,471",1,22.2,62.15202703,11.2834813,1,0.582906606,12.48003042,45.87085963
E01013870,42.288,1086,E01013870,Bridge,Meadows,9.2,"4,715",2,10.9,71.04793028,8.341931269,1,0.582906606,24.64995454,90.60191089
E01013871,25.591,831,E01013871,Bridge,Meadows,9.2,"1,743",1,14.8,70.85013146,7.381185927,1,0.582906606,14.91716294,54.82863937
E01013872,31.262,775,E01013872,Bridge,Meadows,9.2,"5,602",2,18.3,67.48106904,11.45025488,1,0.582906606,18.2228263,66.97873955
E01013873,31.485,629,E01013873,Bridge,Meadows,9.2,"8,329",3,32.6,56.2437223,11.75368416,2,0.530225264,16.69414242,64.20551915
E01013874,37.851,772,E01013874,Bridge,Meadows,9.2,"8,936",3,18.8,62.75337423,14.08771348,2,0.530225264,20.06955645,77.18733064
E01013875,31.763,513,E01013875,Bulwell,Bulwell,13.9,"17,550",6,9,62.98615917,10.80829553,3,0.555471692,17.64344735,66.34415681
E01013876,28.168,730,E01013876,Bulwell,Bulwell,13.9,"1,577",1,17.4,65.36923077,12.15543098,1,0.582906606,16.41931327,60.349854
E01013877,19.079,695,E01013877,Bulwell,Bulwell,13.9,130,1,20.3,67.22014388,10.23029617,1,0.582906606,11.12127513,40.87669925
E01013878,21.442,521,E01013878,Bulwell,Bulwell,13.9,"1,963",1,17.5,67,10.50786228,1,0.582906606,12.49868344,45.93941954
E01013879,21.494,564,E01013879,Bulwell,Bulwell,13.9,813,1,23.1,63.24587156,10.74666956,1,0.582906606,12.52899458,46.05082938
E01013880,21.45,670,E01013880,Bulwell,Bulwell,13.9,872,1,19.6,63.70512821,9.411647982,1,0.582906606,12.50334669,45.95655951
E01013881,24.168,638,E01013881,Bulwell,Bulwell,13.9,"1,113",1,17.7,65.15548282,10.91669117,1,0.582906606,14.08768684,51.77986621
E01013882,25.032,638,E01013882,Bulwell,Bulwell,13.9,"2,175",1,24.4,58.10413223,13.08431899,1,0.582906606,14.59131815,53.63098357
E01013883,25.464,664,E01013883,Bulwell,Bulwell,13.9,"2,876",1,12.2,66.65853659,8.042967835,1,0.582906606,14.8431338,54.55654226
E01013884,23.018,630,E01013884,Bulwell,Bulwell,13.9,"2,184",1,12.6,67.05065123,8.027058155,1,0.582906606,13.41734425,49.31599472
E01013885,27.772,777,E01013885,Bulwell,Bulwell,13.9,"1,188",1,26.6,61.04994451,13.51290546,1,0.582906606,16.18848225,59.50142521
E01013886,27.39,651,E01013886,Bulwell Forest,Bulwell Forest,8.1,"4,236",2,16.6,64.24675325,12.66498421,1,0.582906606,15.96581193,58.68299138
E01013887,35.369,653,E01013887,Bulwell Forest,Bulwell Forest,8.1,"18,714",6,9.7,63.46846847,9.6475415,3,0.555471692,19.64647828,73.87609742
E01013888,29.032,711,E01013888,Bulwell Forest,Bulwell Forest,8.1,"7,173",3,15.6,59.39201452,13.48543489,2,0.530225264,15.39349985,59.20325971
E01013889,33.579,723,E01013889,Bulwell Forest,Bulwell Forest,8.1,"13,592",5,11.2,59.33846154,11.11218245,3,0.555471692,18.65218395,70.13728054
E01013890,31.596,660,E01013890,Bulwell Forest,Bulwell Forest,8.1,"10,108",4,19.7,55.43030303,12.18193272,2,0.530225264,16.75299743,64.43187496
E01013891,31.165,772,E01013891,Bulwell Forest,Bulwell Forest,8.1,"3,169",1,16.1,66.35319767,13.37975033,1,0.582906606,18.16628436,66.77091735
E01013892,30.665,597,E01013892,Bulwell Forest,Bulwell Forest,8.1,"19,225",6,9.7,63.97653959,11.99629996,3,0.555471692,17.03353944,64.05073729
E01013893,25.538,619,E01013893,Bulwell Forest,Bulwell Forest,8.1,"4,353",2,12.1,70.35725191,9.337734031,1,0.582906606,14.88626889,54.71508703
E01013894,31.19,648,E01013894,Bulwell Forest,Bulwell Forest,8.1,"15,941",5,10.1,62.44387755,10.56011476,3,0.555471692,17.32516207,65.14731767
E01013895,35.432,635,E01013895,Clifton North,Clifton West,4.2,"18,523",6,9.7,60.81032258,12.00790914,3,0.555471692,19.68147299,74.00768706
E01013896,22.037,568,E01013896,Clifton North,Clifton West,4.2,"2,889",1,13.1,61.49460432,11.2889192,1,0.582906606,12.84551287,47.21420522
E01013897,27.085,620,E01013897,Clifton North,Clifton East,9,"4,404",2,15.3,62.52496799,11.85450056,1,0.582906606,15.78802541,58.02952981
E01013898,20.311,416,E01013898,Clifton North,Clifton West,4.2,"13,243",5,16.2,61.49460432,10.72749971,3,0.555471692,11.28218554,42.42408365
E01013899,23.616,494,E01013899,Clifton North,Clifton East,9,"5,513",2,13.1,62.52496799,11.34997048,1,0.582906606,13.7659224,50.5972079
E01013900,27.318,656,E01013900,Clifton North,Clifton East,9,"4,215",2,13.8,64.81358025,12.31030855,1,0.582906606,15.92384265,58.5287316
E01013901,43.14,630,E01013901,Clifton North,Clifton West,4.2,"26,632",9,8.1,57.38961039,12.36274208,5,0.521978333,22.51814527,87.27556474
E01013902,51.745,846,E01013902,Clifton North,Clifton West,4.2,"22,415",7,7.5,63.06298343,12.15565734,4,0.545368792,28.22010813,107.0564119
E01013903,26.814,496,E01013903,Clifton North,Clifton East,9,"11,195",4,13,68.10122449,11.8314203,2,0.530225264,14.21746022,54.68022202
E01013904,28.346,604,E01013904,Clifton South,Clifton East,9,"5,440",2,13.6,62.85610465,11.55814199,1,0.582906606,16.52307064,60.73121846
E01013905,26.097,618,E01013905,Clifton South,Clifton East,9,"3,927",2,16,62.85610465,11.42012246,1,0.582906606,15.21211369,55.91274282
E01013906,32.171,680,E01013906,Clifton South,Clifton East,9,"6,155",2,14,62.85610465,11.55814199,1,0.582906606,18.75268841,68.92626928
E01013907,26.735,735,E01013907,Clifton South,Clifton East,9,"4,587",2,14.8,62.85610465,11.55814199,1,0.582906606,15.5840081,57.27965588
E01013908,25.213,684,E01013908,Clifton South,Clifton East,9,"4,386",2,17.7,62.85610465,11.55814199,1,0.582906606,14.69682425,54.01877552
E01013909,28.207,744,E01013909,Clifton South,Clifton West,4.2,"1,575",1,12.1,61.78491172,11.34997048,1,0.582906606,16.44204662,60.43341138
E01013910,27.077,638,E01013910,Clifton South,Clifton East,9,"5,057",2,16.8,62.85610465,11.55814199,1,0.582906606,15.78336216,58.01238983
E01013911,27.657,680,E01013911,Clifton South,Clifton East,9,"5,778",2,13.6,62.85610465,11.55814199,1,0.582906606,16.12144799,59.25503806
E01013912,37.919,627,E01013912,Clifton South,Clifton West,4.2,"12,738",4,8.7,60.81032258,10.72749971,2,0.530225264,20.10561177,77.32599907
E01013913,34.803,669,E01013913,Dales,Dales,10.8,"14,607",5,15.5,55.26522593,12.72755045,3,0.555471692,19.3320813,72.69387934
E01013914,30.696,611,E01013914,Dales,Dales,10.8,"16,389",5,14.8,54.36657682,11.87299292,3,0.555471692,17.05075906,64.11548775
E01013915,27.977,649,E01013915,Dales,Dales,10.8,"9,698",3,14.6,50.81774194,17.83039847,2,0.530225264,14.8341122,57.05185991
E01013916,24.12,588,E01013916,Dales,Dales,10.8,"3,318",2,22.9,62.00489396,10.44054012,1,0.582906606,14.05970733,51.67702636
E01013917,27.865,767,E01013917,Dales,Dales,10.8,"4,980",2,23.6,60.02281369,11.79884218,1,0.582906606,16.24269256,59.70067743
E01013918,31.135,741,E01013918,Dales,Dales,10.8,"3,579",2,39,55.14953271,12.08744261,1,0.582906606,18.14879716,66.70664244
E01013919,36.346,813,E01013919,Dales,Dales,10.8,"2,861",1,35.7,57.33799785,11.87832842,1,0.582906606,21.18632349,77.87119403
E01013920,45.16,1148,E01013920,Dales,Dales,10.8,"2,974",1,16.1,66.80798479,13.1420419,1,0.582906606,26.32406231,96.75516212
E01013921,31.151,817,E01013921,Dales,Dales,10.8,"1,526",1,35.7,59.44266917,13.75106266,1,0.582906606,18.15812367,66.74092239
E01013924,7.407,670,E01035505,Dunkirk and Lenton,Lenton & Wollaton East,2.5,"12,700",4,28.6,65.24493554,17.36510602,2,0.530225264,3.927378527,15.10466191
E01013926,22.699,670,E01035505,Dunkirk and Lenton,Lenton & Wollaton East,2.5,"9,473",3,28.6,65.17539267,12.12594985,2,0.530225264,12.03558326,46.28874318
E01013928,16.395,529,E01013928,Dunkirk and Lenton,Lenton & Wollaton East,2.5,"18,077",6,34.4,61.01436782,11.72759498,3,0.555471692,9.106958391,34.24463845
E01013929,36.506,752,E01013929,Leen Valley,Leen Valley,7.6,"10,586",4,13.3,63.02603369,13.03620239,2,0.530225264,19.35640347,74.4445508
E01013930,30.658,691,E01013930,Leen Valley,Hyson Green & Arboretum,8.5,"8,405",3,19.9,62.3262519,12.28417668,2,0.530225264,16.25564613,62.51906641
E01013931,40.032,740,E01013931,Leen Valley,Leen Valley,7.6,"14,398",5,11.5,65.28145695,16.00601837,3,0.555471692,22.23664278,83.61581984
E01013932,39.101,898,E01013932,Leen Valley,Leen Valley,7.6,"9,641",3,15.2,64.95964691,15.68578414,2,0.530225264,20.73233803,79.73638254
E01013933,26.448,714,E01013933,Leen Valley,Lenton & Wollaton East,2.5,"4,737",2,27.5,63.10336818,9.319634202,1,0.582906606,15.4167139,56.66475925
E01013934,28.514,626,E01013934,Leen Valley,Leen Valley,7.6,"10,833",4,13.6,62.00683761,12.51505755,2,0.530225264,15.11884316,58.1469326
E01013935,33.738,714,E01013935,Mapperley,Mapperley,8,"17,018",6,14.9,59.86813187,12.99098158,3,0.555471692,18.74050395,70.46938773
E01013936,45.894,1053,E01013936,Mapperley,Mapperley,8,"10,225",4,10.8,66.00659755,11.60924135,2,0.530225264,24.33415825,93.58895016
E01013937,52.534,769,E01013937,Mapperley,Mapperley,8,"13,370",5,15.7,56.8861454,13.75549591,3,0.555471692,29.18114987,109.7290537
E01013938,52.22,695,E01013938,Mapperley,Mapperley,8,"12,854",4,13.4,55.9796807,14.5983889,2,0.530225264,27.68836326,106.489192
E01013939,31.89,741,E01013939,Mapperley,Mapperley,8,"9,357",3,13.8,59.38034865,13.33599475,2,0.530225264,16.90888365,65.03141196
E01013940,29.22,801,E01013940,Mapperley,Mapperley,8,"2,305",1,13,67.98921251,13.08148132,1,0.582906606,17.03253101,62.60376079
E01013941,42.448,881,E01013941,Mapperley,Mapperley,8,"11,411",4,15.4,58.36706349,13.6837666,2,0.530225264,22.50700199,86.56172389
E01013942,33.381,908,E01013942,Mapperley,Mapperley,8,"2,607",1,17.2,66.51044776,12.31448554,1,0.582906606,19.4580054,71.51869058
E01013943,39.379,835,E01013943,Mapperley,Mapperley,8,"3,549",2,21.3,62.00382409,14.29203227,1,0.582906606,22.95427922,84.36938727
E01013944,25.92,637,E01013944,Radford and Park,Hyson Green & Arboretum,8.5,"7,026",3,28.6,59.30032468,12.65986809,2,0.530225264,13.74343883,52.85714011
E01013945,25.96,643,E01013945,Radford and Park,Radford,5.5,"3,727",2,34.2,65.30989273,12.75851664,1,0.582906606,15.13225548,55.61922074
E01013947,23.253,642,E01013947,Radford and Park,Radford,5.5,"2,594",1,34.2,62.83974359,11.18784489,1,0.582906606,13.5543273,49.81948151
E01013948,16.313,678,E01013948,Radford and Park,Radford,5.5,207,1,13.1,74.31441048,8.202455302,1,0.582906606,9.508955456,34.95055269
E01013953,13.635,585,E01013953,Radford and Park,Radford,5.5,"21,258",7,40.8,63.50636492,14.10084689,4,0.545368792,7.436103477,28.20976281
E01013954,30.976,828,E01013954,St Ann's,St. Ann's,8.4,"2,290",1,17.7,68.22144289,14.1752911,1,0.582906606,18.05611501,66.36598543
E01013957,23.74,648,E01013957,St Ann's,St. Ann's,8.4,"4,697",2,27.4,61.73076923,14.07463512,1,0.582906606,13.83820282,50.86287752
E01013958,25.125,773,E01013958,St Ann's,St. Ann's,8.4,"1,796",1,18.4,72.2486413,10.07235718,1,0.582906606,14.64552846,53.83023579
E01013959,27.091,804,E01013959,St Ann's,St. Ann's,8.4,"1,705",1,20.6,69.20195838,12.82239524,1,0.582906606,15.79152285,58.04238479
E01013960,27.983,847,E01013960,St Ann's,St. Ann's,8.4,800,1,18.5,73.87882497,10.79164322,1,0.582906606,16.31147554,59.95349206
E01013961,24.862,882,E01013961,St Ann's,St. Ann's,8.4,"5,760",2,27.4,69.40985048,12.85793891,1,0.582906606,14.49222403,53.26675909
E01013962,30.453,886,E01013962,St Ann's,St. Ann's,8.4,"3,525",2,17.5,65.28236745,14.19460591,1,0.582906606,17.75125486,65.24545952
E01013963,28.131,677,E01013963,Sherwood,Sherwood,7.7,"3,992",2,18.1,65.23738063,10.84935946,1,0.582906606,16.39774572,60.27058161
E01013964,41.554,700,E01013964,Sherwood,Sherwood,7.7,"11,001",4,15.8,63.58135593,14.09689938,2,0.530225264,22.0329806,84.73864198
E01013965,26.89,611,E01013965,Sherwood,Sherwood,7.7,"6,435",2,20.8,55.75431862,11.75229542,1,0.582906606,15.67435862,57.6117429
E01013966,26.232,545,E01013966,Sherwood,Sherwood,7.7,"4,935",2,22,52.28637413,10.72558485,1,0.582906606,15.29080608,56.20197991
E01013967,34.758,537,E01013967,Sherwood,Sherwood,7.7,"10,934",4,12.9,57.45753425,14.05235421,2,0.530225264,18.42956971,70.87995663
E01013968,36.751,662,E01013968,Sherwood,Sherwood,7.7,"16,487",6,12,58.3014827,13.76750783,3,0.555471692,20.41414015,76.7627147
E01013969,38.241,817,E01013969,Sherwood,Sherwood,7.7,"11,081",4,18.6,56.11393939,14.00707561,2,0.530225264,20.2763443,77.98263483
E01013970,38.919,698,E01013970,Sherwood,Sherwood,7.7,"17,336",6,17.6,54.93504532,13.10865837,3,0.555471692,21.61840278,81.29106945
E01013971,36.107,789,E01013971,Sherwood,Sherwood,7.7,"9,206",3,17.5,55.92272727,13.67212128,2,0.530225264,19.14484359,73.63089344
E01013972,33.279,703,E01013972,Sherwood,Sherwood,7.7,"6,814",3,21.6,58.05610098,12.85298002,2,0.530225264,17.64536655,67.86391843
E01013973,16.827,670,E01035508,Wollaton East and Lenton Abbey,Lenton & Wollaton East,2.5,"14,528",5,30.8,73.36345904,9.138201056,3,0.555471692,9.346922162,35.14696744
E01013974,25.557,670,E01035507,Wollaton East and Lenton Abbey,Lenton & Wollaton East,2.5,"11,399",4,30.8,55.82857143,12.32913621,2,0.530225264,13.55096706,52.11689544
E01013975,29.447,670,E01035507,Wollaton East and Lenton Abbey,Lenton & Wollaton East,2.5,"22,177",7,30.8,55.22530864,13.38412632,4,0.545368792,16.05947481,60.92357063
E01013976,26.178,670,E01035508,Wollaton East and Lenton Abbey,Lenton & Wollaton East,2.5,"6,722",3,30.8,57.5140056,10.22114245,2,0.530225264,13.88023695,53.38326442
E01013977,50.865,747,E01013977,Wollaton West,Wollaton West,3.7,"21,357",7,8.2,59.11491935,13.64354656,4,0.545368792,27.7401836,105.2357599
E01013978,34.407,674,E01013978,Wollaton West,Wollaton West,3.7,"16,881",6,15.8,58.4981203,12.07938261,3,0.555471692,19.11211451,71.86674444
E01013979,43.712,606,E01013979,Wollaton West,Wollaton West,3.7,"27,054",9,11,51.78345499,12.35232056,5,0.521978333,22.81671688,88.43276509
E01013980,41.641,674,E01013980,Wollaton West,Wollaton West,3.7,"27,711",9,8.7,59.4217119,13.67577449,5,0.521978333,21.73569975,84.24297152
E01013981,50.71,694,E01013981,Wollaton West,Wollaton West,3.7,"28,344",9,7.4,62.61788618,12.15565734,5,0.521978333,26.46952125,102.5902617
E01013982,60.21,631,E01013982,Wollaton West,Wollaton West,3.7,"29,073",9,9.5,56.56836461,14.3977211,5,0.521978333,31.42831541,121.8094982
E01013983,24.391,606,E01013983,Wollaton West,Wollaton West,3.7,"8,773",3,13.4,63.71790235,9.353949097,2,0.530225264,12.9327244,49.73913983
E01013984,39.463,626,E01013984,Wollaton West,Wollaton West,3.7,"30,163",10,9.2,57.38961039,12.36274208,5,0.521978333,20.59883094,79.83670865
E01013985,38.508,698,E01013985,Wollaton West,Wollaton West,3.7,"29,645",10,10.2,62.38461538,9.592581156,5,0.521978333,20.10034164,77.90466961
E01032520,73.832,1031,E01032520,Radford and Park,Castle,3,"27,218",9,11.4,65.79338235,14.09060716,5,0.521978333,38.53870426,149.3678604
E01032522,78.346,1041,E01032522,Radford and Park,Castle,3,"19,832",7,13.4,67.56553911,13.88448364,4,0.545368792,42.72746337,162.0918282
E01032621,25.382,683,E01032621,Bestwood,Bestwood,11.8,"2,942",1,15.1,68.64972777,8.877079522,1,0.582906606,14.79533546,54.38085751
E01033395,15.588,432,E01033395,Radford and Park,Radford,5.5,"19,619",6,17.1,69.18438538,11.47104676,3,0.555471692,8.658692735,32.55903776
E01033396,12.291,513,E01033396,Radford and Park,Radford,5.5,"3,795",2,21,70.53221289,11.43281853,1,0.582906606,7.164505089,26.33342997
E01033397,35.934,739,E01033397,Bestwood,Bestwood,11.8,"6,833",3,15.5,69.62278481,9.641060654,2,0.530225264,19.05311462,73.27810466
E01033398,23.045,626,E01033398,Bestwood,Bestwood,11.8,"6,613",3,10,72.36862245,7.117555878,2,0.530225264,12.2190412,46.99432075
E01033399,15.915,458,E01033399,St Ann's,St. Ann's,8.4,"6,403",2,20.3,68.58163265,12.34911437,1,0.582906606,9.276958627,34.09783891
E01033400,32.731,977,E01033400,Bridge,Meadows,9.2,"6,992",3,13.8,73.24232082,9.120883744,2,0.530225264,17.3548031,66.74641408
E01033401,14.441,670,E01035500,St Ann's,St. Ann's,8.4,"9,265",3,16.3,72.40863309,12.01295819,2,0.530225264,7.656983031,29.44868674
E01033402,31.65,658,E01033402,Bridge,Castle,3,"12,252",4,6.6,78.91121495,7.108576976,2,0.530225264,16.78162959,64.541994
E01033403,21.608,670,E01035506,Bridge,Castle,3,"8,499",3,12.9,65.71569839,13.2816319,2,0.530225264,11.45710749,44.06393069
E01033404,29.578,670,E01035502,Radford and Park,Radford,5.5,"11,435",4,54.8,66.55637982,13.7506794,2,0.530225264,15.68300285,60.31668558
E01033405,18.926,670,E01035500,St Ann's,St. Ann's,8.4,"4,686",2,16.3,71.1625817,13.76626062,1,0.582906606,11.03209042,40.54889722
E01033406,21.128,670,E01035506,Bridge,Castle,3,"13,986",5,12.9,71.7308086,11.84644767,3,0.555471692,11.73600591,44.13057158
E01033407,20.761,646,E01033407,Bridge,Castle,3,"10,416",4,11.3,73.6956978,9.823535042,2,0.530225264,11.0080067,42.33669313
E01033408,27.28,670,E01035504,Dunkirk and Lenton,Lenton & Wollaton East,2.5,"16,147",5,29.8,60.17621899,12.10045351,3,0.555471692,15.15326776,56.98040481
E01033409,12.34,486,E01033409,St Ann's,St. Ann's,8.4,"8,090",3,23.6,73.96567863,8.413646368,2,0.530225264,6.542979752,25.16424031
E01033410,25.634,814,E01033410,Dunkirk and Lenton,Lenton & Wollaton East,2.5,"21,883",7,34.8,59.21228448,12.71660993,4,0.545368792,13.97998361,53.03476788
E01033411,16.249,575,E01033411,St Ann's,St. Ann's,8.4,453,1,19.7,71.49220104,10.1932895,1,0.582906606,9.471649434,34.81343289